dataset,horizon,ensemble,previous_best_label,previous_best_model,previous_best_table_RMSE,previous_best_recomputed_RMSE,ensemble_RMSE,RMSE_diff_ensemble_minus_best,diff_CI95_lo,diff_CI95_hi,DM_stat,DM_p,n,significant_win,directional_win
Dhaka,6,adaptive_sota_portfolio_trainval,Two-stage (KNN),two_stage_knn,66.95,65.49266052246094,64.99736785888672,-0.49529266357421875,-1.7383092880249023,0.7133340835571264,-0.7906256985442576,0.42920450230415463,4459,False,True
Dhaka,24,adaptive_sota_portfolio_trainval,Proposed (variant B),variant_B,76.0,74.45339965820312,74.02993774414062,-0.4234619140625,-1.5235347747802734,0.6414388656616207,-0.7537151644414405,0.4510591208285759,4569,False,True
Dhaka,72,adaptive_sota_portfolio_trainval,GRU,gru,79.58,78.77552795410156,77.74080657958984,-1.0347213745117188,-1.9434906005859376,-0.11373348236084026,-2.1665803658886804,0.03031843886488228,4566,True,True
Delhi,6,adaptive_sota_portfolio_trainval,Persistence,persistence,21.28,21.275962829589844,19.896347045898438,-1.3796157836914062,-2.8359924793243407,-0.002889108657837005,-1.7716921796269318,0.0770106083534019,540,False,True
Delhi,24,adaptive_sota_portfolio_trainval,Persistence,persistence,25.55,25.552906036376953,22.57571029663086,-2.9771957397460938,-4.438424062728882,-1.5191915512084964,-3.2358020341154154,0.0012874619340661475,540,True,True
Delhi,72,adaptive_sota_portfolio_trainval,DLinear,dlinear,27.43,26.407249450683594,25.9393367767334,-0.4679126739501953,-1.2888735294342042,0.4006793975830075,-0.7883020969430661,0.43086657643341164,540,False,True
Beijing,6,adaptive_sota_portfolio_trainval,Proposed (variant B),variant_B,49.38,48.159088134765625,48.003116607666016,-0.15597152709960938,-0.28943643569946287,-0.025087928771972676,-1.8434104996351366,0.06533817672366649,4282,False,True
Beijing,24,adaptive_sota_portfolio_trainval,GRU-D,gru_d,75.87,75.51629638671875,74.62677001953125,-0.8895263671875,-1.7105833053588868,-0.09927291870117244,-1.6191593295101812,0.1054864232574213,4295,False,True
Beijing,72,adaptive_sota_portfolio_trainval,GRU-D,gru_d,84.77,84.58675384521484,84.00534057617188,-0.5814132690429688,-1.4445980072021485,0.25658588409423716,-0.7863057410295855,0.4317317894566144,4294,False,True
