dataset,horizon,method,RMSE,delta_vs_table_best
Beijing,6,ensemble_weighted,48.003116607666016,-1.376883392333987
Beijing,24,ensemble_val_selected_pm25_metrics,74.62677001953125,-1.2432299804687545
Beijing,72,ensemble_seed_member,84.00534057617188,-0.764659423828121
Delhi,6,affine_selector,20.346811294555664,-0.9331887054443371
Delhi,24,ensemble_weighted,24.50563621520996,-1.0443637847900398
Delhi,72,ensemble_weighted,27.71953010559082,0.2895301055908206
Dhaka,6,ensemble_ridge_seed_member,66.00321960449219,-0.9467803955078153
Dhaka,24,ensemble_weighted_hybrid8,74.71553802490234,-1.2844619750976562
Dhaka,72,ensemble_seed_member,77.74080657958984,-1.8391934204101545
