dataset,horizon,ensemble,previous_best_label,previous_best_model,previous_best_table_RMSE,previous_best_recomputed_RMSE,ensemble_RMSE,RMSE_diff_ensemble_minus_best,diff_CI95_lo,diff_CI95_hi,DM_stat,DM_p,n,significant_win,directional_win
Dhaka,6,ensemble_weighted_hybrid8,Two-stage (KNN),two_stage_knn,66.95,65.49266052246094,66.17344665527344,0.6807861328125,-0.456346321105957,1.8915335655212402,1.1482263917294835,0.2509367256413655,4459,False,False
Dhaka,24,ensemble_weighted_hybrid8,Proposed (variant B),variant_B,76.0,74.45339965820312,74.71553802490234,0.26213836669921875,-0.8619153976440429,1.4433004379272438,0.4459480339403518,0.6556559193817066,4569,False,False
Dhaka,72,ensemble_weighted_hybrid8,GRU,gru,79.58,78.77552795410156,77.89633178710938,-0.8791961669921875,-1.793351173400879,0.05361862182617122,-1.782974554604846,0.0746568736750759,4566,False,True
Delhi,6,ensemble_weighted,Persistence,persistence,21.28,21.275962829589844,21.69027328491211,0.4143104553222656,-1.293254804611206,2.0568091392517083,0.4326731235734519,0.6654253223860196,540,False,False
Delhi,24,ensemble_weighted,Persistence,persistence,25.55,25.552906036376953,24.50563621520996,-1.0472698211669922,-2.810835361480713,0.5938739776611323,-1.0695286922921103,0.2853102297409533,540,False,True
Delhi,72,ensemble_weighted,DLinear,dlinear,27.43,26.407249450683594,27.71953010559082,1.3122806549072266,0.26008353233337406,2.355364179611206,1.824475857705549,0.06863360269822305,540,False,False
Beijing,6,ensemble_weighted,Proposed (variant B),variant_B,49.38,48.159088134765625,48.003116607666016,-0.15597152709960938,-0.28943643569946287,-0.025087928771972676,-1.8434104996351366,0.06533817672366649,4282,False,True
Beijing,24,ensemble_weighted,GRU-D,gru_d,75.87,75.51629638671875,74.77424621582031,-0.7420501708984375,-1.5890209197998046,0.0684745788574212,-1.3168212650500903,0.18796881515146224,4295,False,True
Beijing,72,ensemble_weighted,GRU-D,gru_d,84.77,84.58675384521484,84.15206146240234,-0.4346923828125,-1.3289199829101563,0.4249706268310546,-0.5705282477678224,0.568349327920529,4294,False,True
