{
  "SO2": [
    5.160447697874643,
    5.650695686028136
  ],
  "NO": [
    11.306811023871537,
    18.085106279935243
  ],
  "NO2": [
    9.170380504281107,
    13.371277753642811
  ],
  "NOX": [
    18.734176384575413,
    24.941941967356705
  ],
  "CO": [
    2.3320404223557825,
    2.232516748764239
  ],
  "O3": [
    17.049047985107805,
    17.8425389225245
  ],
  "PM10": [
    138.26410188273871,
    119.12046241143021
  ],
  "PM2.5": [
    82.56579417747122,
    79.49202581467652
  ],
  "WS": [
    0.713729355711804,
    1.4568711494650761
  ],
  "WD": [
    162.1303800805354,
    104.56507166178658
  ],
  "Temp": [
    26.988218856536072,
    5.850012803350136
  ],
  "RH": [
    70.81938414532755,
    19.102629981289514
  ],
  "BP": [
    1004.3985666700568,
    7.974056942091895
  ],
  "SR": [
    208.19353906107523,
    251.74089153193523
  ]
}