{
  "two_stage_hybrid8": {
    "h6": 53.50556564331055,
    "h24": 80.4409408569336,
    "h72": 89.5648422241211
  }
}