{
  "persistence": {
    "h6": 55.757240295410156,
    "h24": 90.0025634765625,
    "h72": 113.96095275878906
  },
  "seasonal_naive": {
    "h6": 91.68717193603516,
    "h24": 90.13626861572266,
    "h72": 114.12467193603516
  },
  "gru": {
    "h6": 51.76021957397461,
    "h24": 76.0699234008789,
    "h72": 84.99825286865234
  },
  "gru_d": {
    "h6": 50.03824234008789,
    "h24": 75.57012939453125,
    "h72": 84.35540008544922
  },
  "dlinear": {
    "h6": 52.14618682861328,
    "h24": 81.03888702392578,
    "h72": 89.84808349609375
  },
  "patchtst": {
    "h6": 58.0511589050293,
    "h24": 79.93927001953125,
    "h72": 87.45834350585938
  },
  "two_stage_knn": {
    "h6": 50.60908126831055,
    "h24": 76.41776275634766,
    "h72": 85.9618148803711
  },
  "two_stage_saits": {
    "h6": 50.426849365234375,
    "h24": 76.42015075683594,
    "h72": 87.38123321533203
  }
}