{
  "clean": 0.028876887952230416,
  "miss5": 0.07743238496663155,
  "miss10": 0.12598934550989346,
  "miss20": 0.2231003395386957,
  "miss30": 0.3202149923896499,
  "miss40": 0.41732744994731297,
  "miss50": 0.5144384439761152,
  "miss60": 0.6115494380049175,
  "miss70": 0.7086618955625805,
  "out5": 0.07911251609881746,
  "out10": 0.12766435429106662,
  "out20": 0.2247592495024002,
  "out30": 0.32150509308043557,
  "out40": 0.4185473012527807,
  "out50": 0.5161222339304531,
  "out60": 0.612538783514811,
  "out70": 0.7101444502985599
}