{
  "PM2.5": [
    112.68352492916901,
    109.82632583854382
  ],
  "PM10": [
    236.3015442986346,
    173.33059811801192
  ],
  "NO": [
    40.75506851598313,
    78.77548721590381
  ],
  "NO2": [
    45.02195223865248,
    32.52051148709118
  ],
  "NOX": [
    58.27000052758005,
    75.87063239932151
  ],
  "NH3": [
    35.047450177481686,
    17.192510279137466
  ],
  "SO2": [
    14.948652382287507,
    10.279700788049608
  ],
  "CO": [
    1.5320537573615827,
    1.4237281895712963
  ],
  "O3": [
    33.8168091924634,
    41.47150598835782
  ],
  "Benzene": [
    4.6645900901588275,
    5.518950606972756
  ],
  "Temp": [
    24.266712095371755,
    8.53130884620687
  ],
  "BP": [
    986.0436307657072,
    13.328132538494865
  ],
  "SR": [
    122.41677268431846,
    182.1835225795674
  ],
  "RH": [
    66.92521471153646,
    23.52851982111978
  ],
  "WS": [
    1.4354999796488506,
    2.60120406558437
  ],
  "wd_sin": [
    -0.017701237020008177,
    0.7836728861774235
  ],
  "wd_cos": [
    -0.19647983684914938,
    0.5890154050532468
  ]
}