{
  "PM2.5": [
    79.7187814105822,
    76.262085448544
  ],
  "PM10": [
    106.19051126911818,
    88.27520303357724
  ],
  "SO2": [
    19.341183333722007,
    24.499060813124256
  ],
  "NO2": [
    51.11091513310268,
    34.581464582705316
  ],
  "CO": [
    1197.7813424429878,
    1037.9245218318242
  ],
  "O3": [
    60.01121379470204,
    58.15241916673502
  ],
  "TEMP": [
    14.720767709881864,
    10.936470931712586
  ],
  "PRES": [
    1009.5655490095245,
    10.079739788095669
  ],
  "DEWP": [
    3.8544552230550093,
    13.399858075510409
  ],
  "RAIN": [
    0.06574132971956412,
    0.8297302101293039
  ],
  "wd_sin": [
    0.05330230265681303,
    0.7144229816970682
  ],
  "wd_cos": [
    0.09527049618629356,
    0.6911455709985916
  ],
  "WSPM": [
    1.671981110550297,
    1.231115051033036
  ]
}