{
  "full": {
    "seed42": {
      "pm25_rmse": {
        "h6": 66.78168487548828,
        "h24": 77.1109848022461,
        "h72": 80.73583221435547
      },
      "train_time_s": null
    },
    "seed43": {
      "pm25_rmse": {
        "h6": 67.41936492919922,
        "h24": 76.38496398925781,
        "h72": 83.36528015136719
      },
      "train_time_s": 1817.4
    },
    "seed44": {
      "pm25_rmse": {
        "h6": 66.89004516601562,
        "h24": 75.8702163696289,
        "h72": 80.51590728759766
      },
      "train_time_s": 1774.8
    }
  },
  "no_miss_embed": {
    "seed42": {
      "pm25_rmse": {
        "h6": 67.5304183959961,
        "h24": 76.19403076171875,
        "h72": 81.03311157226562
      },
      "train_time_s": 1477.1
    },
    "seed43": {
      "pm25_rmse": {
        "h6": 67.28788757324219,
        "h24": 76.75700378417969,
        "h72": 84.54818725585938
      },
      "train_time_s": 1668.4
    },
    "seed44": {
      "pm25_rmse": {
        "h6": 67.73191833496094,
        "h24": 76.08683776855469,
        "h72": 80.1961441040039
      },
      "train_time_s": 1538.5
    }
  },
  "variant_B": {
    "seed42": {
      "pm25_rmse": {
        "h6": 66.893310546875,
        "h24": 76.64645385742188,
        "h72": 79.80532836914062
      },
      "train_time_s": 1478.0
    },
    "seed43": {
      "pm25_rmse": {
        "h6": 66.78174591064453,
        "h24": 75.95249938964844,
        "h72": 82.1016616821289
      },
      "train_time_s": 1703.2
    },
    "seed44": {
      "pm25_rmse": {
        "h6": 67.4365463256836,
        "h24": 75.4041748046875,
        "h72": 78.86276245117188
      },
      "train_time_s": 1572.5
    }
  },
  "no_met": {
    "seed42": {
      "pm25_rmse": {
        "h6": 67.4582290649414,
        "h24": 75.03146362304688,
        "h72": 80.60182189941406
      },
      "train_time_s": 1413.8
    },
    "seed43": {
      "pm25_rmse": {
        "h6": 67.35560607910156,
        "h24": 77.45549011230469,
        "h72": 81.40424346923828
      },
      "train_time_s": 1672.7
    },
    "seed44": {
      "pm25_rmse": {
        "h6": 67.47859191894531,
        "h24": 77.6076431274414,
        "h72": 82.36814880371094
      },
      "train_time_s": 1669.7
    }
  },
  "no_time": {
    "seed42": {
      "pm25_rmse": {
        "h6": 67.51553344726562,
        "h24": 77.05607604980469,
        "h72": 83.7610855102539
      },
      "train_time_s": 1404.7
    },
    "seed43": {
      "pm25_rmse": {
        "h6": 68.67664337158203,
        "h24": 79.38422393798828,
        "h72": 86.16942596435547
      },
      "train_time_s": 1661.8
    },
    "seed44": {
      "pm25_rmse": {
        "h6": 67.45116424560547,
        "h24": 77.93706512451172,
        "h72": 84.1366195678711
      },
      "train_time_s": 1540.2
    }
  },
  "seq72": {
    "seed42": {
      "pm25_rmse": {
        "h6": 67.63394165039062,
        "h24": 76.59495544433594,
        "h72": 79.82591247558594
      },
      "train_time_s": 373.9
    },
    "seed43": {
      "pm25_rmse": {
        "h6": 68.81909942626953,
        "h24": 78.74845123291016,
        "h72": 81.53463745117188
      },
      "train_time_s": 339.9
    },
    "seed44": {
      "pm25_rmse": {
        "h6": 67.83524322509766,
        "h24": 76.27312469482422,
        "h72": 80.40593719482422
      },
      "train_time_s": 374.1
    }
  },
  "seq336": {
    "seed42": {
      "pm25_rmse": {
        "h6": 68.6173324584961,
        "h24": 77.99222564697266,
        "h72": 80.97698974609375
      },
      "train_time_s": 5962.7
    }
  },
  "single_h24": {
    "seed42": {
      "pm25_rmse": {
        "h6": 122.44255828857422,
        "h24": 77.1666030883789,
        "h72": 192.10989379882812
      },
      "train_time_s": 1426.7
    },
    "seed43": {
      "pm25_rmse": {
        "h6": 122.7573013305664,
        "h24": 75.17396545410156,
        "h72": 122.79862976074219
      },
      "train_time_s": 1683.3
    },
    "seed44": {
      "pm25_rmse": {
        "h6": 108.23902130126953,
        "h24": 78.80821228027344,
        "h72": 118.47563171386719
      },
      "train_time_s": 1582.7
    }
  },
  "miss_dropout": {
    "seed42": {
      "pm25_rmse": {
        "h6": 66.24041748046875,
        "h24": 77.30409240722656,
        "h72": 80.46794891357422
      },
      "train_time_s": 1449.4
    },
    "seed43": {
      "pm25_rmse": {
        "h6": 68.26004028320312,
        "h24": 81.54375457763672,
        "h72": 82.6904525756836
      },
      "train_time_s": 1958.6
    },
    "seed44": {
      "pm25_rmse": {
        "h6": 67.9292984008789,
        "h24": 80.22498321533203,
        "h72": 81.46025085449219
      },
      "train_time_s": 2397.1
    }
  }
}