{
  "sarima": {
    "h6": 79.95516967773438,
    "h24": 83.86502075195312,
    "h72": 86.73535919189453
  },
  "lstm": {
    "h6": 67.98466491699219,
    "h24": 77.93653106689453,
    "h72": 79.91160583496094
  },
  "gru": {
    "h6": 67.34759521484375,
    "h24": 76.34696960449219,
    "h72": 79.24480438232422
  },
  "two_stage_knn": {
    "h6": 67.00896453857422,
    "h24": 75.57203674316406,
    "h72": 80.17103576660156
  },
  "two_stage_mice": {
    "h6": 67.33776092529297,
    "h24": 76.03271484375,
    "h72": 79.73673248291016
  }
}