{
  "dlinear": {
    "h6": 69.72543334960938,
    "h24": 80.34373474121094,
    "h72": 83.0558853149414
  },
  "gru_d": {
    "h6": 69.31134033203125,
    "h24": 76.40607452392578,
    "h72": 80.28544616699219
  },
  "patchtst": {
    "h6": 73.75836181640625,
    "h24": 84.71846771240234,
    "h72": 88.14070129394531
  },
  "two_stage_saits": {
    "h6": 66.07227325439453,
    "h24": 76.57594299316406,
    "h72": 80.76985168457031
  }
}