{
  "hybrid8_sarima": {
    "h6": 77.2080307006836,
    "h24": 81.59491729736328,
    "h72": 84.3816146850586
  },
  "hybrid8_transformer": {
    "h6": 68.4202880859375,
    "h24": 78.34620666503906,
    "h72": 81.00505065917969
  },
  "hybrid8_masked_transformer": {
    "h6": 68.4202880859375,
    "h24": 78.34620666503906,
    "h72": 81.00505065917969
  },
  "hybrid8_masked_proposed": {
    "h6": 68.5703353881836,
    "h24": 79.3816909790039,
    "h72": 81.60518646240234
  },
  "hybrid8_masked_variant_B": {
    "h6": 68.21814727783203,
    "h24": 77.56836700439453,
    "h72": 79.93024444580078
  },
  "hybrid8_masked_proposed_md": {
    "h6": 68.65132141113281,
    "h24": 79.59484100341797,
    "h72": 81.13565063476562
  }
}