{
  "clean": 0.3272049556874543,
  "miss5": 0.3608443775916741,
  "miss10": 0.39448430766729004,
  "miss20": 0.4617641678185218,
  "miss30": 0.5290435197983576,
  "miss40": 0.5963228717781933,
  "miss50": 0.663601207415237,
  "miss60": 0.7308820839092609,
  "miss70": 0.7981614358890967,
  "out5": 0.3621757866493211,
  "out10": 0.39587009106431414,
  "out20": 0.4633018944629645,
  "out30": 0.5303947475404505,
  "out40": 0.5976868038051875,
  "out50": 0.6648508008781202,
  "out60": 0.7317967924221481,
  "out70": 0.7991767623384015
}