{
  "two_stage_hybrid8": {
    "h6": 21.273120880126953,
    "h24": 26.27837562561035,
    "h72": 26.504844665527344
  }
}