{
  "persistence": {
    "h6": 21.275962829589844,
    "h24": 25.552907943725586,
    "h72": 30.91350555419922
  },
  "seasonal_naive": {
    "h6": 27.678897857666016,
    "h24": 25.552907943725586,
    "h72": 30.91350555419922
  },
  "gru": {
    "h6": 23.96878433227539,
    "h24": 29.084503173828125,
    "h72": 33.68379211425781
  },
  "gru_d": {
    "h6": 22.426605224609375,
    "h24": 30.123905181884766,
    "h72": 32.66495895385742
  },
  "dlinear": {
    "h6": 21.259275436401367,
    "h24": 26.283987045288086,
    "h72": 26.50563621520996
  },
  "patchtst": {
    "h6": 27.352710723876953,
    "h24": 31.887771606445312,
    "h72": 34.557579040527344
  },
  "two_stage_knn": {
    "h6": 28.73530387878418,
    "h24": 33.5411262512207,
    "h72": 37.3375358581543
  },
  "two_stage_saits": {
    "h6": 24.7811222076416,
    "h24": 33.640689849853516,
    "h72": 34.3565559387207
  }
}