{
  "clean": 0.0012296219904010155,
  "miss5": 0.05116373364360354,
  "miss10": 0.10110665979136091,
  "miss20": 0.20098369759232082,
  "miss30": 0.30086073539328073,
  "miss40": 0.4007377731942406,
  "miss50": 0.5006104037479231,
  "miss60": 0.6004918487961604,
  "miss70": 0.7003732938443977,
  "out5": 0.05996059920933984,
  "out10": 0.10451786918408631,
  "out20": 0.20969241821250864,
  "out30": 0.304906588393955,
  "out40": 0.40617631633458057,
  "out50": 0.5047223654577587,
  "out60": 0.6045332945495573,
  "out70": 0.70782594899052
}